nodename	idrac-ip	idrac-vlan	idrac-interface	idrac-mac	idrac-switch	idrac-switchport	management-ip	management-vlan	management-interface	management-mac	management-switch	management-switchport	storagetrunk-interface	storagetrunk-ip	storage-vlan	storagetrunk-switch	storagetrunk-switchport	clustertrunk-interface	clustertrunk-switch	clustertrunk-switchport
hb-ceph-osd01	172.23.11.121	1075	lom1	08:92:04:9C:1F:EC	hb-sw-mgmt01-h07	1/7	172.23.9.121	1074	lom1		hb-sw-mgmt01-h07	1/7	P1			hb-sw-leaf01-h07	ethernet 1/1/5:2	P2	hb-sw-leaf02-h07	ethernet 1/1/5:2
hb-ceph-osd02	172.23.11.122	1075	lom1	08:92:04:9C:ED:74	hb-sw-mgmt01-h07	1/6	172.23.9.122	1074	lom1		hb-sw-mgmt01-h07	1/6	P1			hb-sw-leaf01-h07	ethernet 1/1/5:3	P2	hb-sw-leaf02-h07	ethernet 1/1/5:3
hb-ceph-osd03	172.23.11.123	1075	lom1	08:92:04:9C:21:AC	hb-sw-mgmt01-h07	1/5	172.23.9.123	1074	lom1		hb-sw-mgmt01-h07	1/5	P1			hb-sw-leaf01-h07	ethernet 1/1/5:4	P2	hb-sw-leaf02-h07	ethernet 1/1/5:4
hb-hypervisor201	172.23.5.131	1070	lom1	08:92:04:9C:BF:E6	hb-sw-mgmt01-h08	1/18	172.23.1.131	1069	lom1		hb-sw-mgmt01-h08	1/18	P1			hb-sw-leaf01-h05	Ethernet 1/1/38	P2	hb-sw-leaf02-h05	Ethernet 1/1/38
hb-cephmon01	172.23.11.111	1075	lom1	08:92:04:9A:C6:FC	hb-sw-mgmt01-h07	1/10	172.23.9.111	1074	lom1		hb-sw-mgmt01-h07	1/10	P1			hb-sw-leaf01-h07	ethernet 1/1/6:3	P2	hb-sw-leaf02-h07	ethernet 1/1/6:3
hb-cephmon02	172.23.11.112	1075	lom1	08:92:04:9A:C9:CC	hb-sw-mgmt01-h07	1/9	172.23.9.112	1074	lom1		hb-sw-mgmt01-h07	1/9	P1			hb-sw-leaf01-h07	ethernet 1/1/6:4	P2	hb-sw-leaf02-h07	ethernet 1/1/6:4
hb-cephmon03	172.23.11.113	1075	lom1	08:92:04:9A:B9:1C	hb-sw-mgmt01-h07	1/8	172.23.9.113	1074	lom1		hb-sw-mgmt01-h07	1/8	P1			hb-sw-leaf01-h07	ethernet 1/1/5:1	P2	hb-sw-leaf02-h07	ethernet 1/1/5:1
hb-gpu001	172.23.5.1	1070	lom1	EC:2A:72:03:4B:24	hb-sw-mgmt01-h06	1/6	172.23.1.1	1069	lom1	B0:7B:25:E9:DF:22	hb-sw-mgmt01-h06	1/6	P1			hb-sw-leaf01-h05	Ethernet 1/1/32	P2	hb-sw-leaf02-h05	Ethernet 1/1/32
hb-gpu002	172.23.5.2	1070	lom1	EC:2A:72:03:4B:30	hb-sw-mgmt01-h06	1/5	172.23.1.2	1069	lom1	B0:7B:25:E9:E4:B4	hb-sw-mgmt01-h06	1/5	P1			hb-sw-leaf01-h05	Ethernet 1/1/31	P2	hb-sw-leaf02-h05	Ethernet 1/1/31
hb-gpu003	172.23.5.3	1070	lom1	EC:2A:72:03:49:1A	hb-sw-mgmt01-h07	1/4	172.23.1.3	1069	lom1	B0:7B:25:E9:DB:44	hb-sw-mgmt01-h07	1/4	P1			hb-sw-leaf01-h07	ethernet 1/1/4:1	P2	hb-sw-leaf02-h07	ethernet 1/1/4:1
hb-gpu004	172.23.5.4	1070	lom1	EC:2A:72:03:49:44	hb-sw-mgmt01-h07	1/3	172.23.1.4	1069	lom1	B0:7B:25:E9:E3:3C	hb-sw-mgmt01-h07	1/3	P1			hb-sw-leaf01-h07	ethernet 1/1/4:2	P2	hb-sw-leaf02-h07	ethernet 1/1/4:2
hb-gpu005	172.23.5.5	1070	lom1	EC:2A:72:03:4A:E2	hb-sw-mgmt01-h07	1/2	172.23.1.5	1069	lom1	B0:7B:25:E9:E7:36	hb-sw-mgmt01-h07	1/2	P1			hb-sw-leaf01-h07	ethernet 1/1/4:3	P2	hb-sw-leaf02-h07	ethernet 1/1/4:3
hb-gpu006	172.23.5.6	1070	lom1	EC:2A:72:03:49:20	hb-sw-mgmt01-h07	1/1	172.23.1.6	1069	lom1	B0:7B:25:E9:DF:BE	hb-sw-mgmt01-h07	1/1	P1			hb-sw-leaf01-h07	ethernet 1/1/4:4	P2	hb-sw-leaf02-h07	ethernet 1/1/4:4
hb-mds01					hb-sw-mgmt01-h08	1/16					hb-sw-mgmt01-h08	1/16	P1			hb-sw-leaf01-h07	Ethernet 1/1/23	P2	hb-sw-leaf02-h07	Ethernet 1/1/23
hb-mds02					hb-sw-mgmt01-h08	1/13					hb-sw-mgmt01-h08	1/13	P1			hb-sw-leaf01-h07	Ethernet 1/1/24	P2	hb-sw-leaf02-h07	Ethernet 1/1/24
hb-memory001	172.23.6.1	1070	lom1	90:8D:6E:FE:89:B8	hb-sw-mgmt01-h06	1/4	172.23.2.1	1069	lom1		hb-sw-mgmt01-h06	1/4	P1			hb-sw-leaf01-h05	Ethernet 1/1/30	P2	hb-sw-leaf02-h05	Ethernet 1/1/30
hb-memory002	172.23.6.2	1070	lom1	90:8D:6E:FE:E1:1E	hb-sw-mgmt01-h06	1/3	172.23.2.2	1069	lom1		hb-sw-mgmt01-h06	1/3	P1			hb-sw-leaf01-h05	Ethernet 1/1/29	P2	hb-sw-leaf02-h05	Ethernet 1/1/29
hb-memory003	172.23.6.3	1070	lom1	90:8D:6E:FE:E1:3C	hb-sw-mgmt01-h06	1/2	172.23.2.3	1069	lom1		hb-sw-mgmt01-h06	1/2	P1			hb-sw-leaf01-h05	Ethernet 1/1/28	P2	hb-sw-leaf02-h05	Ethernet 1/1/28
hb-memory004	172.23.6.4	1070	lom1	90:8D:6E:FE:DF:0E	hb-sw-mgmt01-h06	1/1	172.23.2.4	1069	lom1		hb-sw-mgmt01-h06	1/1	P1			hb-sw-leaf01-h05	Ethernet 1/1/27	P2	hb-sw-leaf02-h05	Ethernet 1/1/27
hb-node001	172.23.4.1	1070	lom1	EC:2A:72:11:87:EA	hb-sw-mgmt01-h01	1/26	172.23.0.1	1069	lom1		hb-sw-mgmt01-h01	1/26	P1	172.23.12.1	1073	hb-sw-leaf01-h01	Ethernet 1/1/26	P2	hb-sw-leaf02-h01	Ethernet 1/1/26
hb-node002	172.23.4.2	1070	lom1	EC:2A:72:11:87:0C	hb-sw-mgmt01-h01	1/25	172.23.0.2	1069	lom1		hb-sw-mgmt01-h01	1/25	P1	172.23.12.2	1073	hb-sw-leaf01-h01	Ethernet 1/1/25	P2	hb-sw-leaf02-h01	Ethernet 1/1/25
hb-node003	172.23.4.3	1070	lom1	EC:2A:72:11:8C:2E	hb-sw-mgmt01-h01	1/24	172.23.0.3	1069	lom1		hb-sw-mgmt01-h01	1/24	P1	172.23.12.3	1073	hb-sw-leaf01-h01	Ethernet 1/1/24	P2	hb-sw-leaf02-h01	Ethernet 1/1/24
hb-node004	172.23.4.4	1070	lom1	EC:2A:72:11:86:AC	hb-sw-mgmt01-h01	1/23	172.23.0.4	1069	lom1		hb-sw-mgmt01-h01	1/23	P1	172.23.12.4	1073	hb-sw-leaf01-h01	Ethernet 1/1/23	P2	hb-sw-leaf02-h01	Ethernet 1/1/23
hb-node005	172.23.4.5	1070	lom1	EC:2A:72:11:85:6E	hb-sw-mgmt01-h01	1/22	172.23.0.5	1069	lom1		hb-sw-mgmt01-h01	1/22	P1	172.23.12.5	1073	hb-sw-leaf01-h01	Ethernet 1/1/22	P2	hb-sw-leaf02-h01	Ethernet 1/1/22
hb-node006	172.23.4.6	1070	lom1	EC:2A:72:11:91:DA	hb-sw-mgmt01-h01	1/21	172.23.0.6	1069	lom1		hb-sw-mgmt01-h01	1/21	P1	172.23.12.6	1073	hb-sw-leaf01-h01	Ethernet 1/1/21	P2	hb-sw-leaf02-h01	Ethernet 1/1/21
hb-node007	172.23.4.7	1070	lom1	EC:2A:72:11:92:4C	hb-sw-mgmt01-h01	1/20	172.23.0.7	1069	lom1		hb-sw-mgmt01-h01	1/20	P1	172.23.12.7	1073	hb-sw-leaf01-h01	Ethernet 1/1/20	P2	hb-sw-leaf02-h01	Ethernet 1/1/20
hb-node008	172.23.4.8	1070	lom1	EC:2A:72:11:8D:E4	hb-sw-mgmt01-h01	1/19	172.23.0.8	1069	lom1		hb-sw-mgmt01-h01	1/19	P1	172.23.12.8	1073	hb-sw-leaf01-h01	Ethernet 1/1/19	P2	hb-sw-leaf02-h01	Ethernet 1/1/19
hb-node009	172.23.4.9	1070	lom1	EC:2A:72:11:8C:52	hb-sw-mgmt01-h01	1/18	172.23.0.9	1069	lom1		hb-sw-mgmt01-h01	1/18	P1	172.23.12.9	1073	hb-sw-leaf01-h01	Ethernet 1/1/18	P2	hb-sw-leaf02-h01	Ethernet 1/1/18
hb-node010	172.23.4.10	1070	lom1	EC:2A:72:11:97:32	hb-sw-mgmt01-h01	1/17	172.23.0.10	1069	lom1		hb-sw-mgmt01-h01	1/17	P1	172.23.12.10	1073	hb-sw-leaf01-h01	Ethernet 1/1/17	P2	hb-sw-leaf02-h01	Ethernet 1/1/17
hb-node011	172.23.4.11	1070	lom1	EC:2A:72:11:8A:0C	hb-sw-mgmt01-h01	1/16	172.23.0.11	1069	lom1		hb-sw-mgmt01-h01	1/16	P1	172.23.12.11	1073	hb-sw-leaf01-h01	Ethernet 1/1/16	P2	hb-sw-leaf02-h01	Ethernet 1/1/16
hb-node012	172.23.4.12	1070	lom1	EC:2A:72:11:87:C0	hb-sw-mgmt01-h01	1/15	172.23.0.12	1069	lom1		hb-sw-mgmt01-h01	1/15	P1	172.23.12.12	1073	hb-sw-leaf01-h01	Ethernet 1/1/15	P2	hb-sw-leaf02-h01	Ethernet 1/1/15
hb-node013	172.23.4.13	1070	lom1	EC:2A:72:11:99:42	hb-sw-mgmt01-h01	1/14	172.23.0.13	1069	lom1		hb-sw-mgmt01-h01	1/14	P1	172.23.12.13	1073	hb-sw-leaf01-h01	Ethernet 1/1/14	P2	hb-sw-leaf02-h01	Ethernet 1/1/14
hb-node014	172.23.4.14	1070	lom1	EC:2A:72:11:7F:56	hb-sw-mgmt01-h01	1/13	172.23.0.14	1069	lom1		hb-sw-mgmt01-h01	1/13	P1	172.23.12.14	1073	hb-sw-leaf01-h01	Ethernet 1/1/13	P2	hb-sw-leaf02-h01	Ethernet 1/1/13
hb-node015	172.23.4.15	1070	lom1	EC:2A:72:11:85:E6	hb-sw-mgmt01-h01	1/12	172.23.0.15	1069	lom1		hb-sw-mgmt01-h01	1/12	P1	172.23.12.15	1073	hb-sw-leaf01-h01	Ethernet 1/1/12	P2	hb-sw-leaf02-h01	Ethernet 1/1/12
hb-node016	172.23.4.16	1070	lom1	EC:2A:72:11:80:82	hb-sw-mgmt01-h01	1/11	172.23.0.16	1069	lom1		hb-sw-mgmt01-h01	1/11	P1	172.23.12.16	1073	hb-sw-leaf01-h01	Ethernet 1/1/11	P2	hb-sw-leaf02-h01	Ethernet 1/1/11
hb-node017	172.23.4.17	1070	lom1	EC:2A:72:11:8D:18	hb-sw-mgmt01-h01	1/10	172.23.0.17	1069	lom1		hb-sw-mgmt01-h01	1/10	P1	172.23.12.17	1073	hb-sw-leaf01-h01	Ethernet 1/1/10	P2	hb-sw-leaf02-h01	Ethernet 1/1/10
hb-node018	172.23.4.18	1070	lom1	EC:2A:72:11:8D:A8	hb-sw-mgmt01-h01	1/9	172.23.0.18	1069	lom1		hb-sw-mgmt01-h01	1/9	P1	172.23.12.18	1073	hb-sw-leaf01-h01	Ethernet 1/1/9	P2	hb-sw-leaf02-h01	Ethernet 1/1/9
hb-node019	172.23.4.19	1070	lom1	EC:2A:72:11:94:CE	hb-sw-mgmt01-h01	1/8	172.23.0.19	1069	lom1		hb-sw-mgmt01-h01	1/8	P1	172.23.12.19	1073	hb-sw-leaf01-h01	Ethernet 1/1/8	P2	hb-sw-leaf02-h01	Ethernet 1/1/8
hb-node020	172.23.4.20	1070	lom1	EC:2A:72:11:8C:D6	hb-sw-mgmt01-h01	1/7	172.23.0.20	1069	lom1		hb-sw-mgmt01-h01	1/7	P1	172.23.12.20	1073	hb-sw-leaf01-h01	Ethernet 1/1/7	P2	hb-sw-leaf02-h01	Ethernet 1/1/7
hb-hypervisor202	172.23.4.21	1070	lom1	EC:2A:72:11:82:08	hb-sw-mgmt01-h01	1/6	172.23.0.21	1069	lom1		hb-sw-mgmt01-h01	1/6	P1	172.23.12.21	1073	hb-sw-leaf01-h01	Ethernet 1/1/6	P2	hb-sw-leaf02-h01	Ethernet 1/1/6
hb-hypervisor203	172.23.4.22	1070	lom1	EC:2A:72:11:85:0E	hb-sw-mgmt01-h01	1/5	172.23.0.22	1069	lom1		hb-sw-mgmt01-h01	1/5	P1	172.23.12.22	1073	hb-sw-leaf01-h01	Ethernet 1/1/5	P2	hb-sw-leaf02-h01	Ethernet 1/1/5
hb-node023	172.23.4.23	1070	lom1	EC:2A:72:11:82:32	hb-sw-mgmt01-h01	1/4	172.23.0.23	1069	lom1		hb-sw-mgmt01-h01	1/4	P1	172.23.12.23	1073	hb-sw-leaf01-h01	Ethernet 1/1/4	P2	hb-sw-leaf02-h01	Ethernet 1/1/4
hb-node024	172.23.4.24	1070	lom1	EC:2A:72:11:8D:F0	hb-sw-mgmt01-h01	1/3	172.23.0.24	1069	lom1		hb-sw-mgmt01-h01	1/3	P1	172.23.12.24	1073	hb-sw-leaf01-h01	Ethernet 1/1/3	P2	hb-sw-leaf02-h01	Ethernet 1/1/3
hb-node025	172.23.4.25	1070	lom1	EC:2A:72:11:7F:CE	hb-sw-mgmt01-h01	1/2	172.23.0.25	1069	lom1		hb-sw-mgmt01-h01	1/2	P1	172.23.12.25	1073	hb-sw-leaf01-h01	Ethernet 1/1/2	P2	hb-sw-leaf02-h01	Ethernet 1/1/2
hb-node026	172.23.4.26	1070	lom1	EC:2A:72:11:8B:38	hb-sw-mgmt01-h01	1/1	172.23.0.26	1069	lom1		hb-sw-mgmt01-h01	1/1	P1	172.23.12.26	1073	hb-sw-leaf01-h01	Ethernet 1/1/1	P2	hb-sw-leaf02-h01	Ethernet 1/1/1
hb-node027	172.23.4.27	1070	lom1	EC:2A:72:11:8A:A8	hb-sw-mgmt01-h02	1/26	172.23.0.27	1069	lom1		hb-sw-mgmt01-h02	1/26	P1	172.23.12.27	1073	hb-sw-leaf01-h03	Ethernet 1/1/13	P2	hb-sw-leaf02-h03	Ethernet 1/1/13
hb-node028	172.23.4.28	1070	lom1	EC:2A:72:11:80:7C	hb-sw-mgmt01-h02	1/25	172.23.0.28	1069	lom1		hb-sw-mgmt01-h02	1/25	P1	172.23.12.28	1073	hb-sw-leaf01-h03	Ethernet 1/1/12	P2	hb-sw-leaf02-h03	Ethernet 1/1/12
hb-node029	172.23.4.29	1070	lom1	EC:2A:72:11:96:24	hb-sw-mgmt01-h02	1/24	172.23.0.29	1069	lom1		hb-sw-mgmt01-h02	1/24	P1	172.23.12.29	1073	hb-sw-leaf01-h03	Ethernet 1/1/11	P2	hb-sw-leaf02-h03	Ethernet 1/1/11
hb-node030	172.23.4.30	1070	lom1	EC:2A:72:11:90:18	hb-sw-mgmt01-h02	1/23	172.23.0.30	1069	lom1		hb-sw-mgmt01-h02	1/23	P1	172.23.12.30	1073	hb-sw-leaf01-h03	Ethernet 1/1/10	P2	hb-sw-leaf02-h03	Ethernet 1/1/10
hb-node031	172.23.4.31	1070	lom1	EC:2A:72:11:87:A2	hb-sw-mgmt01-h02	1/22	172.23.0.31	1069	lom1		hb-sw-mgmt01-h02	1/22	P1	172.23.12.31	1073	hb-sw-leaf01-h03	Ethernet 1/1/9	P2	hb-sw-leaf02-h03	Ethernet 1/1/9
hb-node032	172.23.4.32	1070	lom1	EC:2A:72:11:94:50	hb-sw-mgmt01-h02	1/21	172.23.0.32	1069	lom1		hb-sw-mgmt01-h02	1/21	P1	172.23.12.32	1073	hb-sw-leaf01-h03	Ethernet 1/1/8	P2	hb-sw-leaf02-h03	Ethernet 1/1/8
hb-node033	172.23.4.33	1070	lom1	EC:2A:72:11:90:06	hb-sw-mgmt01-h02	1/20	172.23.0.33	1069	lom1		hb-sw-mgmt01-h02	1/20	P1	172.23.12.33	1073	hb-sw-leaf01-h03	Ethernet 1/1/7	P2	hb-sw-leaf02-h03	Ethernet 1/1/7
hb-node034	172.23.4.34	1070	lom1	EC:2A:72:11:98:7C	hb-sw-mgmt01-h02	1/19	172.23.0.34	1069	lom1		hb-sw-mgmt01-h02	1/19	P1	172.23.12.34	1073	hb-sw-leaf01-h03	Ethernet 1/1/6	P2	hb-sw-leaf02-h03	Ethernet 1/1/6
hb-node035	172.23.4.35	1070	lom1	EC:2A:72:11:96:3C	hb-sw-mgmt01-h02	1/18	172.23.0.35	1069	lom1		hb-sw-mgmt01-h02	1/18	P1	172.23.12.35	1073	hb-sw-leaf01-h03	Ethernet 1/1/5	P2	hb-sw-leaf02-h03	Ethernet 1/1/5
hb-node036	172.23.4.36	1070	lom1	EC:2A:72:11:8E:44	hb-sw-mgmt01-h02	1/17	172.23.0.36	1069	lom1		hb-sw-mgmt01-h02	1/17	P1	172.23.12.36	1073	hb-sw-leaf01-h03	Ethernet 1/1/4	P2	hb-sw-leaf02-h03	Ethernet 1/1/4
hb-node037	172.23.4.37	1070	lom1	EC:2A:72:11:7F:7A	hb-sw-mgmt01-h02	1/16	172.23.0.37	1069	lom1		hb-sw-mgmt01-h02	1/16	P1	172.23.12.37	1073	hb-sw-leaf01-h03	Ethernet 1/1/3	P2	hb-sw-leaf02-h03	Ethernet 1/1/3
hb-node038	172.23.4.38	1070	lom1	EC:2A:72:11:80:28	hb-sw-mgmt01-h02	1/15	172.23.0.38	1069	lom1		hb-sw-mgmt01-h02	1/15	P1	172.23.12.38	1073	hb-sw-leaf01-h03	Ethernet 1/1/2	P2	hb-sw-leaf02-h03	Ethernet 1/1/2
hb-node039	172.23.4.39	1070	lom1	EC:2A:72:11:99:BA	hb-sw-mgmt01-h02	1/14	172.23.0.39	1069	lom1		hb-sw-mgmt01-h02	1/14	P1	172.23.12.39	1073	hb-sw-leaf01-h03	Ethernet 1/1/1	P2	hb-sw-leaf02-h03	Ethernet 1/1/1
hb-node040	172.23.4.40	1070	lom1	EC:2A:72:11:98:3A	hb-sw-mgmt01-h02	1/13	172.23.0.40	1069	lom1		hb-sw-mgmt01-h02	1/13	P1	172.23.12.40	1073	hb-sw-leaf01-h01	Ethernet 1/1/39	P2	hb-sw-leaf02-h01	Ethernet 1/1/39
hb-node041	172.23.4.41	1070	lom1	EC:2A:72:11:97:98	hb-sw-mgmt01-h02	1/12	172.23.0.41	1069	lom1		hb-sw-mgmt01-h02	1/12	P1	172.23.12.41	1073	hb-sw-leaf01-h01	Ethernet 1/1/38	P2	hb-sw-leaf02-h01	Ethernet 1/1/38
hb-node042	172.23.4.42	1070	lom1	EC:2A:72:11:8A:C0	hb-sw-mgmt01-h02	1/11	172.23.0.42	1069	lom1		hb-sw-mgmt01-h02	1/11	P1	172.23.12.42	1073	hb-sw-leaf01-h01	Ethernet 1/1/37	P2	hb-sw-leaf02-h01	Ethernet 1/1/37
hb-node043	172.23.4.43	1070	lom1	EC:2A:72:11:98:9A	hb-sw-mgmt01-h02	1/10	172.23.0.43	1069	lom1		hb-sw-mgmt01-h02	1/10	P1	172.23.12.43	1073	hb-sw-leaf01-h01	Ethernet 1/1/36	P2	hb-sw-leaf02-h01	Ethernet 1/1/36
hb-node044	172.23.4.44	1070	lom1	EC:2A:72:11:99:A8	hb-sw-mgmt01-h02	1/9	172.23.0.44	1069	lom1		hb-sw-mgmt01-h02	1/9	P1	172.23.12.44	1073	hb-sw-leaf01-h01	Ethernet 1/1/35	P2	hb-sw-leaf02-h01	Ethernet 1/1/35
hb-node045	172.23.4.45	1070	lom1	EC:2A:72:11:94:F2	hb-sw-mgmt01-h02	1/8	172.23.0.45	1069	lom1		hb-sw-mgmt01-h02	1/8	P1	172.23.12.45	1073	hb-sw-leaf01-h01	Ethernet 1/1/34	P2	hb-sw-leaf02-h01	Ethernet 1/1/34
hb-node046	172.23.4.46	1070	lom1	EC:2A:72:11:8F:34	hb-sw-mgmt01-h02	1/7	172.23.0.46	1069	lom1		hb-sw-mgmt01-h02	1/7	P1	172.23.12.46	1073	hb-sw-leaf01-h01	Ethernet 1/1/33	P2	hb-sw-leaf02-h01	Ethernet 1/1/33
hb-hypervisor302	172.23.4.47	1070	lom1	EC:2A:72:11:89:4C	hb-sw-mgmt01-h02	1/6	172.23.0.47	1069	lom1		hb-sw-mgmt01-h02	1/6	P1	172.23.12.47	1073	hb-sw-leaf01-h01	Ethernet 1/1/32	P2	hb-sw-leaf02-h01	Ethernet 1/1/32
hb-node048	172.23.4.48	1070	lom1	EC:2A:72:11:8B:86	hb-sw-mgmt01-h02	1/5	172.23.0.48	1069	lom1		hb-sw-mgmt01-h02	1/5	P1	172.23.12.48	1073	hb-sw-leaf01-h01	Ethernet 1/1/31	P2	hb-sw-leaf02-h01	Ethernet 1/1/31
hb-node049	172.23.4.49	1070	lom1	EC:2A:72:11:99:8A	hb-sw-mgmt01-h02	1/4	172.23.0.49	1069	lom1		hb-sw-mgmt01-h02	1/4	P1	172.23.12.49	1073	hb-sw-leaf01-h01	Ethernet 1/1/30	P2	hb-sw-leaf02-h01	Ethernet 1/1/30
hb-node050	172.23.4.50	1070	lom1	EC:2A:72:11:99:66	hb-sw-mgmt01-h02	1/3	172.23.0.50	1069	lom1		hb-sw-mgmt01-h02	1/3	P1	172.23.12.50	1073	hb-sw-leaf01-h01	Ethernet 1/1/29	P2	hb-sw-leaf02-h01	Ethernet 1/1/29
hb-node051	172.23.4.51	1070	lom1	EC:2A:72:11:94:5C	hb-sw-mgmt01-h02	1/2	172.23.0.51	1069	lom1		hb-sw-mgmt01-h02	1/2	P1	172.23.12.51	1073	hb-sw-leaf01-h01	Ethernet 1/1/28	P2	hb-sw-leaf02-h01	Ethernet 1/1/28
hb-node052	172.23.4.52	1070	lom1	EC:2A:72:11:86:D0	hb-sw-mgmt01-h02	1/1	172.23.0.52	1069	lom1		hb-sw-mgmt01-h02	1/1	P1	172.23.12.52	1073	hb-sw-leaf01-h01	Ethernet 1/1/27	P2	hb-sw-leaf02-h01	Ethernet 1/1/27
hb-node053	172.23.4.53	1070	lom1	EC:2A:72:11:8A:BA	hb-sw-mgmt01-h03	1/26	172.23.0.53	1069	lom1		hb-sw-mgmt01-h03	1/26	P1	172.23.12.53	1073	hb-sw-leaf01-h03	Ethernet 1/1/39	P2	hb-sw-leaf02-h03	Ethernet 1/1/39
hb-node054	172.23.4.54	1070	lom1	EC:2A:72:11:98:4C	hb-sw-mgmt01-h03	1/25	172.23.0.54	1069	lom1		hb-sw-mgmt01-h03	1/25	P1	172.23.12.54	1073	hb-sw-leaf01-h03	Ethernet 1/1/38	P2	hb-sw-leaf02-h03	Ethernet 1/1/38
hb-node055	172.23.4.55	1070	lom1	EC:2A:72:11:85:5C	hb-sw-mgmt01-h03	1/24	172.23.0.55	1069	lom1		hb-sw-mgmt01-h03	1/24	P1	172.23.12.55	1073	hb-sw-leaf01-h03	Ethernet 1/1/37	P2	hb-sw-leaf02-h03	Ethernet 1/1/37
hb-node056	172.23.4.56	1070	lom1	EC:2A:72:11:8A:1E	hb-sw-mgmt01-h03	1/23	172.23.0.56	1069	lom1		hb-sw-mgmt01-h03	1/23	P1	172.23.12.56	1073	hb-sw-leaf01-h03	Ethernet 1/1/36	P2	hb-sw-leaf02-h03	Ethernet 1/1/36
hb-node057	172.23.4.57	1070	lom1	EC:2A:72:11:86:7C	hb-sw-mgmt01-h03	1/22	172.23.0.57	1069	lom1		hb-sw-mgmt01-h03	1/22	P1	172.23.12.57	1073	hb-sw-leaf01-h03	Ethernet 1/1/35	P2	hb-sw-leaf02-h03	Ethernet 1/1/35
hb-node058	172.23.4.58	1070	lom1	EC:2A:72:11:94:7A	hb-sw-mgmt01-h03	1/21	172.23.0.58	1069	lom1		hb-sw-mgmt01-h03	1/21	P1	172.23.12.58	1073	hb-sw-leaf01-h03	Ethernet 1/1/34	P2	hb-sw-leaf02-h03	Ethernet 1/1/34
hb-node059	172.23.4.59	1070	lom1	EC:2A:72:11:8A:96	hb-sw-mgmt01-h03	1/20	172.23.0.59	1069	lom1		hb-sw-mgmt01-h03	1/20	P1	172.23.12.59	1073	hb-sw-leaf01-h03	Ethernet 1/1/33	P2	hb-sw-leaf02-h03	Ethernet 1/1/33
hb-hypervisor303	172.23.4.60	1070	lom1	EC:2A:72:11:87:90	hb-sw-mgmt01-h03	1/19	172.23.0.60	1069	lom1		hb-sw-mgmt01-h03	1/19	P1	172.23.12.60	1073	hb-sw-leaf01-h03	Ethernet 1/1/32	P2	hb-sw-leaf02-h03	Ethernet 1/1/32
hb-node061	172.23.4.61	1070	lom1	EC:2A:72:11:80:0A	hb-sw-mgmt01-h03	1/18	172.23.0.61	1069	lom1		hb-sw-mgmt01-h03	1/18	P1	172.23.12.61	1073	hb-sw-leaf01-h03	Ethernet 1/1/31	P2	hb-sw-leaf02-h03	Ethernet 1/1/31
hb-node062	172.23.4.62	1070	lom1	EC:2A:72:11:99:B4	hb-sw-mgmt01-h03	1/17	172.23.0.62	1069	lom1		hb-sw-mgmt01-h03	1/17	P1	172.23.12.62	1073	hb-sw-leaf01-h03	Ethernet 1/1/30	P2	hb-sw-leaf02-h03	Ethernet 1/1/30
hb-node063	172.23.4.63	1070	lom1	EC:2A:72:11:93:D8	hb-sw-mgmt01-h03	1/16	172.23.0.63	1069	lom1		hb-sw-mgmt01-h03	1/16	P1	172.23.12.63	1073	hb-sw-leaf01-h03	Ethernet 1/1/29	P2	hb-sw-leaf02-h03	Ethernet 1/1/29
hb-node064	172.23.4.64	1070	lom1	EC:2A:72:11:8E:AA	hb-sw-mgmt01-h03	1/15	172.23.0.64	1069	lom1		hb-sw-mgmt01-h03	1/15	P1	172.23.12.64	1073	hb-sw-leaf01-h03	Ethernet 1/1/28	P2	hb-sw-leaf02-h03	Ethernet 1/1/28
hb-node065	172.23.4.65	1070	lom1	EC:2A:72:11:95:34	hb-sw-mgmt01-h03	1/14	172.23.0.65	1069	lom1		hb-sw-mgmt01-h03	1/14	P1	172.23.12.65	1073	hb-sw-leaf01-h03	Ethernet 1/1/27	P2	hb-sw-leaf02-h03	Ethernet 1/1/27
hb-node066	172.23.4.66	1070	lom1	EC:2A:72:11:7F:0E	hb-sw-mgmt01-h03	1/13	172.23.0.66	1069	lom1		hb-sw-mgmt01-h03	1/13	P1	172.23.12.66	1073	hb-sw-leaf01-h03	Ethernet 1/1/26	P2	hb-sw-leaf02-h03	Ethernet 1/1/26
hb-node067	172.23.4.67	1070	lom1	EC:2A:72:11:91:B6	hb-sw-mgmt01-h03	1/12	172.23.0.67	1069	lom1		hb-sw-mgmt01-h03	1/12	P1	172.23.12.67	1073	hb-sw-leaf01-h03	Ethernet 1/1/25	P2	hb-sw-leaf02-h03	Ethernet 1/1/25
hb-node068	172.23.4.68	1070	lom1	EC:2A:72:11:8E:E0	hb-sw-mgmt01-h03	1/11	172.23.0.68	1069	lom1		hb-sw-mgmt01-h03	1/11	P1	172.23.12.68	1073	hb-sw-leaf01-h03	Ethernet 1/1/24	P2	hb-sw-leaf02-h03	Ethernet 1/1/24
hb-node069	172.23.4.69	1070	lom1	EC:2A:72:11:90:D2	hb-sw-mgmt01-h03	1/10	172.23.0.69	1069	lom1		hb-sw-mgmt01-h03	1/10	P1	172.23.12.69	1073	hb-sw-leaf01-h03	Ethernet 1/1/23	P2	hb-sw-leaf02-h03	Ethernet 1/1/23
hb-node070	172.23.4.70	1070	lom1	EC:2A:72:11:83:76	hb-sw-mgmt01-h03	1/9	172.23.0.70	1069	lom1		hb-sw-mgmt01-h03	1/9	P1	172.23.12.70	1073	hb-sw-leaf01-h03	Ethernet 1/1/22	P2	hb-sw-leaf02-h03	Ethernet 1/1/22
hb-node071	172.23.4.71	1070	lom1	EC:2A:72:11:87:12	hb-sw-mgmt01-h03	1/8	172.23.0.71	1069	lom1		hb-sw-mgmt01-h03	1/8	P1	172.23.12.71	1073	hb-sw-leaf01-h03	Ethernet 1/1/21	P2	hb-sw-leaf02-h03	Ethernet 1/1/21
hb-node072	172.23.4.72	1070	lom1	EC:2A:72:11:93:48	hb-sw-mgmt01-h03	1/7	172.23.0.72	1069	lom1		hb-sw-mgmt01-h03	1/7	P1	172.23.12.72	1073	hb-sw-leaf01-h03	Ethernet 1/1/20	P2	hb-sw-leaf02-h03	Ethernet 1/1/20
hb-node073	172.23.4.73	1070	lom1	EC:2A:72:11:7E:E4	hb-sw-mgmt01-h03	1/6	172.23.0.73	1069	lom1		hb-sw-mgmt01-h03	1/6	P1	172.23.12.73	1073	hb-sw-leaf01-h03	Ethernet 1/1/19	P2	hb-sw-leaf02-h03	Ethernet 1/1/19
hb-node074	172.23.4.74	1070	lom1	EC:2A:72:11:95:8E	hb-sw-mgmt01-h03	1/5	172.23.0.74	1069	lom1		hb-sw-mgmt01-h03	1/5	P1	172.23.12.74	1073	hb-sw-leaf01-h03	Ethernet 1/1/18	P2	hb-sw-leaf02-h03	Ethernet 1/1/18
hb-node075	172.23.4.75	1070	lom1	EC:2A:72:11:7F:BC	hb-sw-mgmt01-h03	1/4	172.23.0.75	1069	lom1		hb-sw-mgmt01-h03	1/4	P1	172.23.12.75	1073	hb-sw-leaf01-h03	Ethernet 1/1/17	P2	hb-sw-leaf02-h03	Ethernet 1/1/17
hb-node076	172.23.4.76	1070	lom1	EC:2A:72:11:7F:C8	hb-sw-mgmt01-h03	1/3	172.23.0.76	1069	lom1		hb-sw-mgmt01-h03	1/3	P1	172.23.12.76	1073	hb-sw-leaf01-h03	Ethernet 1/1/16	P2	hb-sw-leaf02-h03	Ethernet 1/1/16
hb-node077	172.23.4.77	1070	lom1	EC:2A:72:11:99:AE	hb-sw-mgmt01-h03	1/2	172.23.0.77	1069	lom1		hb-sw-mgmt01-h03	1/2	P1	172.23.12.77	1073	hb-sw-leaf01-h03	Ethernet 1/1/15	P2	hb-sw-leaf02-h03	Ethernet 1/1/15
hb-node078	172.23.4.78	1070	lom1	EC:2A:72:11:8D:4E	hb-sw-mgmt01-h03	1/1	172.23.0.78	1069	lom1		hb-sw-mgmt01-h03	1/1	P1	172.23.12.78	1073	hb-sw-leaf01-h03	Ethernet 1/1/14	P2	hb-sw-leaf02-h03	Ethernet 1/1/14
hb-node079	172.23.4.079	1070	lom1	EC:2A:72:11:8E:62	hb-sw-mgmt01-h04	1/26	172.23.0.079	1069	lom1		hb-sw-mgmt01-h04	1/26	P1	172.23.12.079	1073	hb-sw-leaf01-h04	Ethernet 1/1/26	P2	hb-sw-leaf02-h04	Ethernet 1/1/26
hb-node080	172.23.4.080	1070	lom1	EC:2A:72:11:8D:2A	hb-sw-mgmt01-h04	1/25	172.23.0.080	1069	lom1		hb-sw-mgmt01-h04	1/25	P1	172.23.12.080	1073	hb-sw-leaf01-h04	Ethernet 1/1/25	P2	hb-sw-leaf02-h04	Ethernet 1/1/25
hb-node081	172.23.4.081	1070	lom1	EC:2A:72:11:8C:B2	hb-sw-mgmt01-h04	1/24	172.23.0.081	1069	lom1		hb-sw-mgmt01-h04	1/24	P1	172.23.12.081	1073	hb-sw-leaf01-h04	Ethernet 1/1/24	P2	hb-sw-leaf02-h04	Ethernet 1/1/24
hb-node082	172.23.4.082	1070	lom1	EC:2A:72:11:93:00	hb-sw-mgmt01-h04	1/23	172.23.0.082	1069	lom1		hb-sw-mgmt01-h04	1/23	P1	172.23.12.082	1073	hb-sw-leaf01-h04	Ethernet 1/1/23	P2	hb-sw-leaf02-h04	Ethernet 1/1/23
hb-node083	172.23.4.083	1070	lom1	EC:2A:72:11:8C:76	hb-sw-mgmt01-h04	1/22	172.23.0.083	1069	lom1		hb-sw-mgmt01-h04	1/22	P1	172.23.12.083	1073	hb-sw-leaf01-h04	Ethernet 1/1/22	P2	hb-sw-leaf02-h04	Ethernet 1/1/22
hb-node084	172.23.4.084	1070	lom1	EC:2A:72:11:82:20	hb-sw-mgmt01-h04	1/21	172.23.0.084	1069	lom1		hb-sw-mgmt01-h04	1/21	P1	172.23.12.084	1073	hb-sw-leaf01-h04	Ethernet 1/1/21	P2	hb-sw-leaf02-h04	Ethernet 1/1/21
hb-node085	172.23.4.085	1070	lom1	EC:2A:72:11:8D:78	hb-sw-mgmt01-h04	1/20	172.23.0.085	1069	lom1		hb-sw-mgmt01-h04	1/20	P1	172.23.12.085	1073	hb-sw-leaf01-h04	Ethernet 1/1/20	P2	hb-sw-leaf02-h04	Ethernet 1/1/20
hb-node086	172.23.4.086	1070	lom1	EC:2A:72:11:8D:66	hb-sw-mgmt01-h04	1/19	172.23.0.086	1069	lom1		hb-sw-mgmt01-h04	1/19	P1	172.23.12.086	1073	hb-sw-leaf01-h04	Ethernet 1/1/19	P2	hb-sw-leaf02-h04	Ethernet 1/1/19
hb-node087	172.23.4.087	1070	lom1	EC:2A:72:11:8F:E2	hb-sw-mgmt01-h04	1/18	172.23.0.087	1069	lom1		hb-sw-mgmt01-h04	1/18	P1	172.23.12.087	1073	hb-sw-leaf01-h04	Ethernet 1/1/18	P2	hb-sw-leaf02-h04	Ethernet 1/1/18
hb-node088	172.23.4.088	1070	lom1	EC:2A:72:11:8C:D0	hb-sw-mgmt01-h04	1/17	172.23.0.088	1069	lom1		hb-sw-mgmt01-h04	1/17	P1	172.23.12.088	1073	hb-sw-leaf01-h04	Ethernet 1/1/17	P2	hb-sw-leaf02-h04	Ethernet 1/1/17
hb-node089	172.23.4.089	1070	lom1	EC:2A:72:11:8D:B4	hb-sw-mgmt01-h04	1/16	172.23.0.089	1069	lom1		hb-sw-mgmt01-h04	1/16	P1	172.23.12.089	1073	hb-sw-leaf01-h04	Ethernet 1/1/16	P2	hb-sw-leaf02-h04	Ethernet 1/1/16
hb-node090	172.23.4.090	1070	lom1	EC:2A:72:11:88:14	hb-sw-mgmt01-h04	1/15	172.23.0.090	1069	lom1		hb-sw-mgmt01-h04	1/15	P1	172.23.12.090	1073	hb-sw-leaf01-h04	Ethernet 1/1/15	P2	hb-sw-leaf02-h04	Ethernet 1/1/15
hb-node091	172.23.4.091	1070	lom1	EC:2A:72:11:8D:24	hb-sw-mgmt01-h04	1/14	172.23.0.091	1069	lom1		hb-sw-mgmt01-h04	1/14	P1	172.23.12.091	1073	hb-sw-leaf01-h04	Ethernet 1/1/14	P2	hb-sw-leaf02-h04	Ethernet 1/1/14
hb-node092	172.23.4.092	1070	lom1	EC:2A:72:11:8E:32	hb-sw-mgmt01-h04	1/13	172.23.0.092	1069	lom1		hb-sw-mgmt01-h04	1/13	P1	172.23.12.092	1073	hb-sw-leaf01-h04	Ethernet 1/1/13	P2	hb-sw-leaf02-h04	Ethernet 1/1/13
hb-node093	172.23.4.093	1070	lom1	EC:2A:72:11:94:6E	hb-sw-mgmt01-h04	1/12	172.23.0.093	1069	lom1		hb-sw-mgmt01-h04	1/12	P1	172.23.12.093	1073	hb-sw-leaf01-h04	Ethernet 1/1/12	P2	hb-sw-leaf02-h04	Ethernet 1/1/12
hb-node094	172.23.4.094	1070	lom1	EC:2A:72:11:8D:7E	hb-sw-mgmt01-h04	1/11	172.23.0.094	1069	lom1		hb-sw-mgmt01-h04	1/11	P1	172.23.12.094	1073	hb-sw-leaf01-h04	Ethernet 1/1/11	P2	hb-sw-leaf02-h04	Ethernet 1/1/11
hb-node095	172.23.4.095	1070	lom1	EC:2A:72:11:8D:8A	hb-sw-mgmt01-h04	1/10	172.23.0.095	1069	lom1		hb-sw-mgmt01-h04	1/10	P1	172.23.12.095	1073	hb-sw-leaf01-h04	Ethernet 1/1/10	P2	hb-sw-leaf02-h04	Ethernet 1/1/10
hb-node096	172.23.4.096	1070	lom1	EC:2A:72:11:91:E0	hb-sw-mgmt01-h04	1/9	172.23.0.096	1069	lom1		hb-sw-mgmt01-h04	1/9	P1	172.23.12.096	1073	hb-sw-leaf01-h04	Ethernet 1/1/9	P2	hb-sw-leaf02-h04	Ethernet 1/1/9
hb-node097	172.23.4.097	1070	lom1	EC:2A:72:11:8C:9A	hb-sw-mgmt01-h04	1/8	172.23.0.097	1069	lom1		hb-sw-mgmt01-h04	1/8	P1	172.23.12.097	1073	hb-sw-leaf01-h04	Ethernet 1/1/8	P2	hb-sw-leaf02-h04	Ethernet 1/1/8
hb-node098	172.23.4.098	1070	lom1	EC:2A:72:11:8D:30	hb-sw-mgmt01-h04	1/7	172.23.0.098	1069	lom1		hb-sw-mgmt01-h04	1/7	P1	172.23.12.098	1073	hb-sw-leaf01-h04	Ethernet 1/1/7	P2	hb-sw-leaf02-h04	Ethernet 1/1/7
hb-node099	172.23.4.099	1070	lom1	EC:2A:72:11:8D:36	hb-sw-mgmt01-h04	1/6	172.23.0.099	1069	lom1		hb-sw-mgmt01-h04	1/6	P1	172.23.12.099	1073	hb-sw-leaf01-h04	Ethernet 1/1/6	P2	hb-sw-leaf02-h04	Ethernet 1/1/6
hb-hypervisor100	172.23.4.100	1070	lom1	EC:2A:72:11:87:8A	hb-sw-mgmt01-h04	1/5	172.23.0.100	1069	lom1		hb-sw-mgmt01-h04	1/5	P1	172.23.12.100	1073	hb-sw-leaf01-h04	Ethernet 1/1/5	P2	hb-sw-leaf02-h04	Ethernet 1/1/5
hb-node101	172.23.4.101	1070	lom1	EC:2A:72:11:90:12	hb-sw-mgmt01-h04	1/4	172.23.0.101	1069	lom1		hb-sw-mgmt01-h04	1/4	P1	172.23.12.101	1073	hb-sw-leaf01-h04	Ethernet 1/1/4	P2	hb-sw-leaf02-h04	Ethernet 1/1/4
hb-node102	172.23.4.102	1070	lom1	EC:2A:72:11:8A:18	hb-sw-mgmt01-h04	1/3	172.23.0.102	1069	lom1		hb-sw-mgmt01-h04	1/3	P1	172.23.12.102	1073	hb-sw-leaf01-h04	Ethernet 1/1/3	P2	hb-sw-leaf02-h04	Ethernet 1/1/3
hb-node103	172.23.4.103	1070	lom1	EC:2A:72:11:86:D6	hb-sw-mgmt01-h04	1/2	172.23.0.103	1069	lom1		hb-sw-mgmt01-h04	1/2	P1	172.23.12.103	1073	hb-sw-leaf01-h04	Ethernet 1/1/2	P2	hb-sw-leaf02-h04	Ethernet 1/1/2
hb-node104	172.23.4.104	1070	lom1	EC:2A:72:11:8D:90	hb-sw-mgmt01-h04	1/1	172.23.0.104	1069	lom1		hb-sw-mgmt01-h04	1/1	P1	172.23.12.104	1073	hb-sw-leaf01-h04	Ethernet 1/1/1	P2	hb-sw-leaf02-h04	Ethernet 1/1/1
hb-node105	172.23.4.105	1070	lom1	EC:2A:72:11:96:54	hb-sw-mgmt01-h05	1/26	172.23.0.105	1069	lom1		hb-sw-mgmt01-h05	1/26	P1	172.23.12.105	1073	hb-sw-leaf01-h05	Ethernet 1/1/26	P2	hb-sw-leaf02-h05	Ethernet 1/1/26
hb-node106	172.23.4.106	1070	lom1	EC:2A:72:11:94:98	hb-sw-mgmt01-h05	1/25	172.23.0.106	1069	lom1		hb-sw-mgmt01-h05	1/25	P1	172.23.12.106	1073	hb-sw-leaf01-h05	Ethernet 1/1/25	P2	hb-sw-leaf02-h05	Ethernet 1/1/25
hb-node107	172.23.4.107	1070	lom1	EC:2A:72:11:94:C8	hb-sw-mgmt01-h05	1/24	172.23.0.107	1069	lom1		hb-sw-mgmt01-h05	1/24	P1	172.23.12.107	1073	hb-sw-leaf01-h05	Ethernet 1/1/24	P2	hb-sw-leaf02-h05	Ethernet 1/1/24
hb-node108	172.23.4.108	1070	lom1	EC:2A:72:11:96:18	hb-sw-mgmt01-h05	1/23	172.23.0.108	1069	lom1		hb-sw-mgmt01-h05	1/23	P1	172.23.12.108	1073	hb-sw-leaf01-h05	Ethernet 1/1/23	P2	hb-sw-leaf02-h05	Ethernet 1/1/23
hb-node109	172.23.4.109	1070	lom1	EC:2A:72:11:82:2C	hb-sw-mgmt01-h05	1/22	172.23.0.109	1069	lom1		hb-sw-mgmt01-h05	1/22	P1	172.23.12.109	1073	hb-sw-leaf01-h05	Ethernet 1/1/22	P2	hb-sw-leaf02-h05	Ethernet 1/1/22
hb-node110	172.23.4.110	1070	lom1	EC:2A:72:11:8D:C6	hb-sw-mgmt01-h05	1/21	172.23.0.110	1069	lom1		hb-sw-mgmt01-h05	1/21	P1	172.23.12.110	1073	hb-sw-leaf01-h05	Ethernet 1/1/21	P2	hb-sw-leaf02-h05	Ethernet 1/1/21
hb-node111	172.23.4.111	1070	lom1	EC:2A:72:11:91:7A	hb-sw-mgmt01-h05	1/20	172.23.0.111	1069	lom1		hb-sw-mgmt01-h05	1/20	P1	172.23.12.111	1073	hb-sw-leaf01-h05	Ethernet 1/1/20	P2	hb-sw-leaf02-h05	Ethernet 1/1/20
hb-node112	172.23.4.112	1070	lom1	EC:2A:72:11:95:FA	hb-sw-mgmt01-h05	1/19	172.23.0.112	1069	lom1		hb-sw-mgmt01-h05	1/19	P1	172.23.12.112	1073	hb-sw-leaf01-h05	Ethernet 1/1/19	P2	hb-sw-leaf02-h05	Ethernet 1/1/19
hb-node113	172.23.4.113	1070	lom1	EC:2A:72:11:94:E6	hb-sw-mgmt01-h05	1/18	172.23.0.113	1069	lom1		hb-sw-mgmt01-h05	1/18	P1	172.23.12.113	1073	hb-sw-leaf01-h05	Ethernet 1/1/18	P2	hb-sw-leaf02-h05	Ethernet 1/1/18
hb-node114	172.23.4.114	1070	lom1	EC:2A:72:11:80:A6	hb-sw-mgmt01-h05	1/17	172.23.0.114	1069	lom1		hb-sw-mgmt01-h05	1/17	P1	172.23.12.114	1073	hb-sw-leaf01-h05	Ethernet 1/1/17	P2	hb-sw-leaf02-h05	Ethernet 1/1/17
hb-node115	172.23.4.115	1070	lom1	EC:2A:72:11:98:B8	hb-sw-mgmt01-h05	1/16	172.23.0.115	1069	lom1		hb-sw-mgmt01-h05	1/16	P1	172.23.12.115	1073	hb-sw-leaf01-h05	Ethernet 1/1/16	P2	hb-sw-leaf02-h05	Ethernet 1/1/16
hb-node116	172.23.4.116	1070	lom1	EC:2A:72:11:8C:4C	hb-sw-mgmt01-h05	1/15	172.23.0.116	1069	lom1		hb-sw-mgmt01-h05	1/15	P1	172.23.12.116	1073	hb-sw-leaf01-h05	Ethernet 1/1/15	P2	hb-sw-leaf02-h05	Ethernet 1/1/15
hb-node117	172.23.4.117	1070	lom1	EC:2A:72:11:7F:68	hb-sw-mgmt01-h05	1/14	172.23.0.117	1069	lom1		hb-sw-mgmt01-h05	1/14	P1	172.23.12.117	1073	hb-sw-leaf01-h05	Ethernet 1/1/14	P2	hb-sw-leaf02-h05	Ethernet 1/1/14
hb-node118	172.23.4.118	1070	lom1	EC:2A:72:11:8B:20	hb-sw-mgmt01-h05	1/13	172.23.0.118	1069	lom1		hb-sw-mgmt01-h05	1/13	P1	172.23.12.118	1073	hb-sw-leaf01-h05	Ethernet 1/1/13	P2	hb-sw-leaf02-h05	Ethernet 1/1/13
hb-node119	172.23.4.119	1070	lom1	EC:2A:72:11:97:92	hb-sw-mgmt01-h05	1/12	172.23.0.119	1069	lom1		hb-sw-mgmt01-h05	1/12	P1	172.23.12.119	1073	hb-sw-leaf01-h05	Ethernet 1/1/12	P2	hb-sw-leaf02-h05	Ethernet 1/1/12
hb-node120	172.23.4.120	1070	lom1	EC:2A:72:11:95:A6	hb-sw-mgmt01-h05	1/11	172.23.0.120	1069	lom1		hb-sw-mgmt01-h05	1/11	P1	172.23.12.120	1073	hb-sw-leaf01-h05	Ethernet 1/1/11	P2	hb-sw-leaf02-h05	Ethernet 1/1/11
hb-node121	172.23.4.121	1070	lom1	EC:2A:72:11:8A:D8	hb-sw-mgmt01-h05	1/10	172.23.0.121	1069	lom1		hb-sw-mgmt01-h05	1/10	P1	172.23.12.121	1073	hb-sw-leaf01-h05	Ethernet 1/1/10	P2	hb-sw-leaf02-h05	Ethernet 1/1/10
hb-node122	172.23.4.122	1070	lom1	EC:2A:72:11:95:D6	hb-sw-mgmt01-h05	1/9	172.23.0.122	1069	lom1		hb-sw-mgmt01-h05	1/9	P1	172.23.12.122	1073	hb-sw-leaf01-h05	Ethernet 1/1/9	P2	hb-sw-leaf02-h05	Ethernet 1/1/9
hb-node123	172.23.4.123	1070	lom1	EC:2A:72:11:8B:FE	hb-sw-mgmt01-h05	1/8	172.23.0.123	1069	lom1		hb-sw-mgmt01-h05	1/8	P1	172.23.12.123	1073	hb-sw-leaf01-h05	Ethernet 1/1/8	P2	hb-sw-leaf02-h05	Ethernet 1/1/8
hb-node124	172.23.4.124	1070	lom1	EC:2A:72:11:83:B2	hb-sw-mgmt01-h05	1/7	172.23.0.124	1069	lom1		hb-sw-mgmt01-h05	1/7	P1	172.23.12.124	1073	hb-sw-leaf01-h05	Ethernet 1/1/7	P2	hb-sw-leaf02-h05	Ethernet 1/1/7
hb-node125	172.23.4.125	1070	lom1	EC:2A:72:11:99:4E	hb-sw-mgmt01-h05	1/6	172.23.0.125	1069	lom1		hb-sw-mgmt01-h05	1/6	P1	172.23.12.125	1073	hb-sw-leaf01-h05	Ethernet 1/1/6	P2	hb-sw-leaf02-h05	Ethernet 1/1/6
hb-node126	172.23.4.126	1070	lom1	EC:2A:72:11:89:52	hb-sw-mgmt01-h05	1/5	172.23.0.126	1069	lom1		hb-sw-mgmt01-h05	1/5	P1	172.23.12.126	1073	hb-sw-leaf01-h05	Ethernet 1/1/5	P2	hb-sw-leaf02-h05	Ethernet 1/1/5
hb-node127	172.23.4.127	1070	lom1	EC:2A:72:11:97:A4	hb-sw-mgmt01-h05	1/4	172.23.0.127	1069	lom1		hb-sw-mgmt01-h05	1/4	P1	172.23.12.127	1073	hb-sw-leaf01-h05	Ethernet 1/1/4	P2	hb-sw-leaf02-h05	Ethernet 1/1/4
hb-node128	172.23.4.128	1070	lom1	EC:2A:72:11:8F:EE	hb-sw-mgmt01-h05	1/3	172.23.0.128	1069	lom1		hb-sw-mgmt01-h05	1/3	P1	172.23.12.128	1073	hb-sw-leaf01-h05	Ethernet 1/1/3	P2	hb-sw-leaf02-h05	Ethernet 1/1/3
hb-node129	172.23.4.129	1070	lom1	EC:2A:72:11:7F:2C	hb-sw-mgmt01-h05	1/2	172.23.0.129	1069	lom1		hb-sw-mgmt01-h05	1/2	P1	172.23.12.129	1073	hb-sw-leaf01-h05	Ethernet 1/1/2	P2	hb-sw-leaf02-h05	Ethernet 1/1/2
hb-node130	172.23.4.130	1070	lom1	EC:2A:72:11:95:52	hb-sw-mgmt01-h05	1/1	172.23.0.130	1069	lom1		hb-sw-mgmt01-h05	1/1	P1	172.23.12.130	1073	hb-sw-leaf01-h05	Ethernet 1/1/1	P2	hb-sw-leaf02-h05	Ethernet 1/1/1
hb-node131	172.23.4.131	1070	lom1	EC:2A:72:11:97:9E	hb-sw-mgmt01-h06	1/19	172.23.0.131	1069	lom1		hb-sw-mgmt01-h06	1/19	P1	172.23.12.131	1073	hb-sw-leaf01-h07	ethernet 1/1/3:1	P2	hb-sw-leaf02-h07	ethernet 1/1/3:1
hb-node132	172.23.4.132	1070	lom1	EC:2A:72:11:80:4C	hb-sw-mgmt01-h06	1/18	172.23.0.132	1069	lom1		hb-sw-mgmt01-h06	1/18	P1	172.23.12.132	1073	hb-sw-leaf01-h07	ethernet 1/1/3:2	P2	hb-sw-leaf02-h07	ethernet 1/1/3:2
hb-node133	172.23.4.133	1070	lom1	EC:2A:72:11:98:A6	hb-sw-mgmt01-h06	1/17	172.23.0.133	1069	lom1		hb-sw-mgmt01-h06	1/17	P1	172.23.12.133	1073	hb-sw-leaf01-h07	ethernet 1/1/3:3	P2	hb-sw-leaf02-h07	ethernet 1/1/3:3
hb-node134	172.23.4.134	1070	lom1	EC:2A:72:11:8E:6E	hb-sw-mgmt01-h06	1/16	172.23.0.134	1069	lom1		hb-sw-mgmt01-h06	1/16	P1	172.23.12.134	1073	hb-sw-leaf01-h07	ethernet 1/1/3:4	P2	hb-sw-leaf02-h07	ethernet 1/1/3:4
hb-node135	172.23.4.135	1070	lom1	EC:2A:72:11:8D:3C	hb-sw-mgmt01-h06	1/15	172.23.0.135	1069	lom1		hb-sw-mgmt01-h06	1/15	P1	172.23.12.135	1073	hb-sw-leaf01-h07	ethernet 1/1/2:1	P2	hb-sw-leaf02-h07	ethernet 1/1/2:1
hb-node136	172.23.4.136	1070	lom1	EC:2A:72:11:7F:26	hb-sw-mgmt01-h06	1/14	172.23.0.136	1069	lom1		hb-sw-mgmt01-h06	1/14	P1	172.23.12.136	1073	hb-sw-leaf01-h07	ethernet 1/1/2:2	P2	hb-sw-leaf02-h07	ethernet 1/1/2:2
hb-node137	172.23.4.137	1070	lom1	EC:2A:72:11:8D:C0	hb-sw-mgmt01-h06	1/13	172.23.0.137	1069	lom1		hb-sw-mgmt01-h06	1/13	P1	172.23.12.137	1073	hb-sw-leaf01-h07	ethernet 1/1/2:3	P2	hb-sw-leaf02-h07	ethernet 1/1/2:3
hb-node138	172.23.4.138	1070	lom1	EC:2A:72:11:80:52	hb-sw-mgmt01-h06	1/12	172.23.0.138	1069	lom1		hb-sw-mgmt01-h06	1/12	P1	172.23.12.138	1073	hb-sw-leaf01-h07	ethernet 1/1/2:4	P2	hb-sw-leaf02-h07	ethernet 1/1/2:4
hb-node139	172.23.4.139	1070	lom1	EC:2A:72:11:8F:8E	hb-sw-mgmt01-h06	1/11	172.23.0.139	1069	lom1		hb-sw-mgmt01-h06	1/11	P1	172.23.12.139	1073	hb-sw-leaf01-h07	ethernet 1/1/1:1	P2	hb-sw-leaf02-h07	ethernet 1/1/1:1
hb-node140	172.23.4.140	1070	lom1	EC:2A:72:11:8D:60	hb-sw-mgmt01-h06	1/10	172.23.0.140	1069	lom1		hb-sw-mgmt01-h06	1/10	P1	172.23.12.140	1073	hb-sw-leaf01-h07	ethernet 1/1/1:2	P2	hb-sw-leaf02-h07	ethernet 1/1/1:2
hb-node141	172.23.4.141	1070	lom1	EC:2A:72:11:80:2E	hb-sw-mgmt01-h06	1/9	172.23.0.141	1069	lom1		hb-sw-mgmt01-h06	1/9	P1	172.23.12.141	1073	hb-sw-leaf01-h07	ethernet 1/1/1:3	P2	hb-sw-leaf02-h07	ethernet 1/1/1:3
hb-node142	172.23.4.142	1070	lom1	EC:2A:72:11:7E:EA	hb-sw-mgmt01-h06	1/8	172.23.0.142	1069	lom1		hb-sw-mgmt01-h06	1/8	P1	172.23.12.142	1073	hb-sw-leaf01-h07	ethernet 1/1/1:4	P2	hb-sw-leaf02-h07	ethernet 1/1/1:4
hb-node143	172.23.4.143	1070	lom1	EC:2A:72:11:85:3E	hb-sw-mgmt01-h06	1/7	172.23.0.143	1069	lom1		hb-sw-mgmt01-h06	1/7	P1	172.23.12.143	1073	hb-sw-leaf01-h05	Ethernet 1/1/33	P2	hb-sw-leaf02-h05	Ethernet 1/1/33
hb-node144	172.23.4.144	1070	lom1	EC:2A:72:43:5F:56	hb-sw-mgmt01-h01	1/30	172.23.0.144	1069	lom1		hb-sw-mgmt01-h01	1/30	P1	172.23.12.144	1073	hb-sw-leaf01-h01	Ethernet 1/1/40	P2	hb-sw-leaf02-h01	Ethernet 1/1/40
hb-node145	172.23.4.145	1070	lom1	EC:2A:72:43:5B:A2	hb-sw-mgmt01-h02	1/27	172.23.0.145	1069	lom1		hb-sw-mgmt01-h02	1/27	P1	172.23.12.145	1073	hb-sw-leaf01-h01	Ethernet 1/1/41	P2	hb-sw-leaf02-h01	Ethernet 1/1/41
hb-hypervisor403	172.23.4.146	1070	lom1	EC:2A:72:43:5B:3C	hb-sw-mgmt01-h03	1/27	172.23.0.146	1069	lom1		hb-sw-mgmt01-h03	1/27	P1	172.23.12.146	1073	hb-sw-leaf01-h03	Ethernet 1/1/40	P2	hb-sw-leaf02-h03	Ethernet 1/1/40
hb-node147	172.23.4.147	1070	lom1	EC:2A:72:43:5D:94	hb-sw-mgmt01-h04	1/27	172.23.0.147	1069	lom1		hb-sw-mgmt01-h04	1/27	P1	172.23.12.147	1073	hb-sw-leaf01-h04	Ethernet 1/1/27	P2	hb-sw-leaf02-h04	Ethernet 1/1/27
hb-node148	172.23.4.148	1070	lom1	EC:2A:72:43:5C:0E	hb-sw-mgmt01-h05	1/33	172.23.0.148	1069	lom1		hb-sw-mgmt01-h05	1/33	P1	172.23.12.148	1073	hb-sw-leaf01-h05	Ethernet 1/1/42	P2	hb-sw-leaf02-h05	Ethernet 1/1/42
hb-oss01					hb-sw-mgmt01-h08	1/10					hb-sw-mgmt01-h08	1/10	P1			hb-sw-leaf01-h07	Ethernet 1/1/25	P2	hb-sw-leaf02-h07	Ethernet 1/1/25
hb-oss02					hb-sw-mgmt01-h08	1/9					hb-sw-mgmt01-h08	1/9	P1			hb-sw-leaf01-h07	Ethernet 1/1/26	P2	hb-sw-leaf02-h07	Ethernet 1/1/26
hb-oss03					hb-sw-mgmt01-h08	1/4					hb-sw-mgmt01-h08	1/4	P1			hb-sw-leaf01-h07	Ethernet 1/1/27	P2	hb-sw-leaf02-h07	Ethernet 1/1/27
hb-oss04					hb-sw-mgmt01-h08	1/3					hb-sw-mgmt01-h08	1/3	P1			hb-sw-leaf01-h07	Ethernet 1/1/28	P2	hb-sw-leaf02-h07	Ethernet 1/1/28
hb-proxmox01	172.23.11.229	1075	idrac		hb-sw-mgmt01-h07	1/12	172.23.9.229	1074	lom1		hb-sw-mgmt01-h07	1/12	P1			hb-sw-leaf01-h07	ethernet 1/1/6:1	P2	hb-sw-leaf02-h07	ethernet 1/1/6:1
hb-proxmox02	172.23.11.230	1075	idrac		hb-sw-mgmt01-h07	1/11	172.23.9.230	1074	lom1		hb-sw-mgmt01-h07	1/11	P1			hb-sw-leaf01-h07	ethernet 1/1/6:2	P2	hb-sw-leaf02-h07	ethernet 1/1/6:2
hb-robinhood01				08:92:04:9C:C4:DE	hb-sw-mgmt01-h08	1/17					hb-sw-mgmt01-h08	1/17	P1			hb-sw-leaf01-h05	Ethernet 1/1/37	P2	hb-sw-leaf02-h05	Ethernet 1/1/37
hb-openstack-controller01	172.23.11.101	1075	idrac	90:8d:6e:ff:0b:98	hb-sw-mgmt01-h05	1/30	172.23.9.101	1074	lom1		hb-sw-mgmt01-h05	1/27				hb-sw-leaf01-h05	ethernet 1/1/39		hb-sw-leaf02-h05	ethernet 1/1/39
hb-openstack-controller02	172.23.11.102	1075	idrac	b4:45:06:e6:6b:dd	hb-sw-mgmt01-h05	1/31	172.23.9.102	1074	lom1		hb-sw-mgmt01-h05	1/28				hb-sw-leaf01-h05	ethernet 1/1/40		hb-sw-leaf02-h05	ethernet 1/1/40
hb-openstack-controller03	172.23.11.103	1075	idrac	b4:45:06:e6:69:37	hb-sw-mgmt01-h05	1/32	172.23.9.103	1074	lom1		hb-sw-mgmt01-h05	1/29				hb-sw-leaf01-h05	ethernet 1/1/41		hb-sw-leaf02-h05	ethernet 1/1/41
